
--select CURRENT_TIMESTAMP from dual;

--select * from COMPANY;
DELETE from COMPANY;
insert into COMPANY(CMP_ID, NAME,NATURE_OF_BUSINESS,CREATED_DATETIME) VALUES (1, 'Entegral','Software Service',CURRENT_TIMESTAMP);
insert into COMPANY(CMP_ID, NAME,NATURE_OF_BUSINESS,CREATED_DATETIME) VALUES (2, 'Beacon','Staffing',CURRENT_TIMESTAMP);
insert into COMPANY(CMP_ID, NAME,NATURE_OF_BUSINESS,CREATED_DATETIME) VALUES (3, 'Chase','Financial Services',CURRENT_TIMESTAMP);


--select * from EMPLOYEE_TYPE;
DELETE from EMPLOYEE_TYPE;
insert into EMPLOYEE_TYPE(EMP_TYP_ID, EMPLOYEE_TYPE_NAME,ACTIVE_IND,CREATED_DATETIME) VALUES (1, 'Manager','1',CURRENT_TIMESTAMP);
insert into EMPLOYEE_TYPE(EMP_TYP_ID, EMPLOYEE_TYPE_NAME,ACTIVE_IND,CREATED_DATETIME) VALUES (2, 'Executive','1',CURRENT_TIMESTAMP);
insert into EMPLOYEE_TYPE(EMP_TYP_ID, EMPLOYEE_TYPE_NAME,ACTIVE_IND,CREATED_DATETIME) VALUES (3, 'Developer','1',CURRENT_TIMESTAMP);


--select * from CONTACT_METHOD_TYPE;
DELETE from CONTACT_METHOD_TYPE;
insert into CONTACT_METHOD_TYPE(CNT_MTD_TYP_ID, NAME,ACTIVE_IND,CREATED_DATETIME) VALUES (1, 'Email','1',CURRENT_TIMESTAMP);
insert into CONTACT_METHOD_TYPE(CNT_MTD_TYP_ID, NAME,ACTIVE_IND,CREATED_DATETIME) VALUES (2, 'SMS','1',CURRENT_TIMESTAMP);


--select * from EMPLOYEE;
--select * from EMPLOYEE_CONTACT_METHOD;
DELETE from EMPLOYEE_CONTACT_METHOD;
DELETE from EMPLOYEE;
-- JOhn --
insert into EMPLOYEE(FULL_NAME,COMPANY_ID,EMPLOYEE_CODE,EMPLOYEE_TYPE_ID,CREATED_DATETIME)
VALUES ('John',1 ,'E001',1 ,CURRENT_TIMESTAMP);
insert into EMPLOYEE_CONTACT_METHOD(CONTACT_METHOD_TYPE_ID,EMPLOYEE_ID,CONTACT_METHOD_VALUE,PRIMARY_IND,CREATED_DATETIME)
VALUES (1,(select id from EMPLOYEE where lower(EMPLOYEE_CODE)=lower('E001')),'john@company.com','1',CURRENT_TIMESTAMP);
insert into EMPLOYEE_CONTACT_METHOD(CONTACT_METHOD_TYPE_ID,EMPLOYEE_ID,CONTACT_METHOD_VALUE,PRIMARY_IND,CREATED_DATETIME)
VALUES (2,(select id from EMPLOYEE where lower(EMPLOYEE_CODE)=lower('E001')),'+12346789644','0',CURRENT_TIMESTAMP);

-- Kaleemullah --
insert into EMPLOYEE(FULL_NAME,COMPANY_ID,EMPLOYEE_CODE,EMPLOYEE_TYPE_ID,CREATED_DATETIME)
VALUES ('Kaleemullah',1,'E002', 1,CURRENT_TIMESTAMP);
insert into EMPLOYEE_CONTACT_METHOD(CONTACT_METHOD_TYPE_ID,EMPLOYEE_ID,CONTACT_METHOD_VALUE,PRIMARY_IND,CREATED_DATETIME)
VALUES (1,(select id from EMPLOYEE where lower(EMPLOYEE_CODE)=lower('E002')),'kaleemullah@company.com','1',CURRENT_TIMESTAMP);
insert into EMPLOYEE_CONTACT_METHOD(CONTACT_METHOD_TYPE_ID,EMPLOYEE_ID,CONTACT_METHOD_VALUE,PRIMARY_IND,CREATED_DATETIME)
VALUES (2,(select id from EMPLOYEE where lower(EMPLOYEE_CODE)=lower('E002')),'+1235556677','0',CURRENT_TIMESTAMP);

-- Alexander --
insert into EMPLOYEE(FULL_NAME,COMPANY_ID,EMPLOYEE_CODE,EMPLOYEE_TYPE_ID,CREATED_DATETIME)
VALUES ('Alexander',2,'B001',3,CURRENT_TIMESTAMP);
insert into EMPLOYEE_CONTACT_METHOD(CONTACT_METHOD_TYPE_ID,EMPLOYEE_ID,CONTACT_METHOD_VALUE,PRIMARY_IND,CREATED_DATETIME)
VALUES (1,(select id from EMPLOYEE where lower(EMPLOYEE_CODE)=lower('B001')),'alexander@company.com','1',CURRENT_TIMESTAMP);
insert into EMPLOYEE_CONTACT_METHOD(CONTACT_METHOD_TYPE_ID,EMPLOYEE_ID,CONTACT_METHOD_VALUE,PRIMARY_IND,CREATED_DATETIME)
VALUES (2,(select id from EMPLOYEE where lower(EMPLOYEE_CODE)=lower('B001')),'+14355666777','0',CURRENT_TIMESTAMP);

-- Josh --
insert into EMPLOYEE(FULL_NAME,COMPANY_ID,EMPLOYEE_CODE,EMPLOYEE_TYPE_ID,CREATED_DATETIME)
VALUES ('Josh',2,'B002',2,CURRENT_TIMESTAMP);
insert into EMPLOYEE_CONTACT_METHOD(CONTACT_METHOD_TYPE_ID,EMPLOYEE_ID,CONTACT_METHOD_VALUE,PRIMARY_IND,CREATED_DATETIME)
VALUES (1,(select id from EMPLOYEE where lower(EMPLOYEE_CODE)=lower('B002')),'josh@company.com','1',CURRENT_TIMESTAMP);
insert into EMPLOYEE_CONTACT_METHOD(CONTACT_METHOD_TYPE_ID,EMPLOYEE_ID,CONTACT_METHOD_VALUE,PRIMARY_IND,CREATED_DATETIME)
VALUES (2,(select id from EMPLOYEE where lower(EMPLOYEE_CODE)=lower('B002')),'+14355666123','0',CURRENT_TIMESTAMP);


-- Mike --
insert into EMPLOYEE(FULL_NAME,COMPANY_ID,EMPLOYEE_CODE,EMPLOYEE_TYPE_ID,CREATED_DATETIME)
VALUES ('Mike',3,'C001',1,CURRENT_TIMESTAMP);
insert into EMPLOYEE_CONTACT_METHOD(CONTACT_METHOD_TYPE_ID,EMPLOYEE_ID,CONTACT_METHOD_VALUE,PRIMARY_IND,CREATED_DATETIME)
VALUES (1,(select id from EMPLOYEE where lower(EMPLOYEE_CODE)=lower('C001')),'mike@company.com','1',CURRENT_TIMESTAMP);
insert into EMPLOYEE_CONTACT_METHOD(CONTACT_METHOD_TYPE_ID,EMPLOYEE_ID,CONTACT_METHOD_VALUE,PRIMARY_IND,CREATED_DATETIME)
VALUES (2,(select id from EMPLOYEE where lower(EMPLOYEE_CODE)=lower('C001')),'+1588999333222','0',CURRENT_TIMESTAMP);


-- George --
insert into EMPLOYEE(FULL_NAME,COMPANY_ID,EMPLOYEE_CODE,EMPLOYEE_TYPE_ID,CREATED_DATETIME)
VALUES ('George',3,'C002',2,CURRENT_TIMESTAMP);
insert into EMPLOYEE_CONTACT_METHOD(CONTACT_METHOD_TYPE_ID,EMPLOYEE_ID,CONTACT_METHOD_VALUE,PRIMARY_IND,CREATED_DATETIME)
VALUES (1,(select id from EMPLOYEE where lower(EMPLOYEE_CODE)=lower('C002')),'george@company.com','1',CURRENT_TIMESTAMP);
insert into EMPLOYEE_CONTACT_METHOD(CONTACT_METHOD_TYPE_ID,EMPLOYEE_ID,CONTACT_METHOD_VALUE,PRIMARY_IND,CREATED_DATETIME)
VALUES (2,(select id from EMPLOYEE where lower(EMPLOYEE_CODE)=lower('C002')),'+158899944232','0',CURRENT_TIMESTAMP);



--- insert message category
--select * from MESSAGE_CATEGORY;
DELETE from MESSAGE_CATEGORY;
insert into MESSAGE_CATEGORY(MSG_CAT_ID, MESSAGE_CATEGORY_NAME,ACTIVE_IND,CREATED_DATETIME) VALUES (1,'Email','1',CURRENT_TIMESTAMP);
insert into MESSAGE_CATEGORY(MSG_CAT_ID, MESSAGE_CATEGORY_NAME,ACTIVE_IND,CREATED_DATETIME) VALUES (2,'SMS','1',CURRENT_TIMESTAMP);


--- insert message MESSAGE_TYPE
--select * from MESSAGE_TYPE;
DELETE from MESSAGE;
insert into MESSAGE(MESSAGE_NAME,MESSAGE_CATEGORY_ID,COMPANY_ID,MESSAGE_TEMPLATE,MESSAGE_SUBJECT,ACTIVE_IND,CREATED_DATETIME)
VALUES ('General Correspondence',1,1,
        'Dear colleagues,<br/> Hope you all are good at health!<br/> ' ||
        'Our new timesheet management portal is live!<br/>' ||
        'if have any queries please let us know<br/>' ||
        'Best Regards<br/>Talent Acquisition Team','Timesheet Management Live','1',CURRENT_TIMESTAMP);

insert into MESSAGE(MESSAGE_NAME,MESSAGE_CATEGORY_ID,COMPANY_ID,MESSAGE_TEMPLATE,MESSAGE_SUBJECT,ACTIVE_IND,CREATED_DATETIME)
VALUES ('System Outage',1,2,
        'Internet has been experiencing problems since 2021-02-02 12:00:00 UTC. Users in branch of New York are currently unable to access Internet.<br/>The IT Team is working to resolve this issue. An update will be sent shortly.<br/>For more information, contact the IT Service Desk by emailing helpdesk@companya.com.','Issue with Internet','1',CURRENT_TIMESTAMP);




